"Inline Search","Close Inline Search","Esc","テキストの編集","com.genuitec.eclipse.inlinesearch.commands.hideFindReplaceBarCommand"
"実行/デバッグ","Java アプレットのデバッグ","Alt+Shift+D, A","ウィンドウ","org.eclipse.jdt.debug.ui.javaAppletShortcut.debug"
"SVN","ロック...","Ctrl+Alt+K","ウィンドウ","org.eclipse.team.svn.ui.command.LockCommand"
"ビュー","ビューの表示 (Javadoc)","Alt+Shift+Q, J","ウィンドウ","org.eclipse.ui.views.showView"
"AnyEdit ツール","キャメル <-> パスカルの変換","Ctrl+Alt+B","テキストの編集","AnyEdit.camelToPascal.command"
"実行/デバッグ","AspectJ/Java アプリケーションのデバッグ","Alt+Shift+D, C","ウィンドウ","org.eclipse.ajdt.launching.runShortcut.debug"
"編集","ブロック・コメントの追加","Ctrl+Shift+/","構造化テキスト・エディターで編集","org.eclipse.wst.sse.ui.add.block.comment"
"実行/デバッグ","OSGi フレームワークのデバッグ","Alt+Shift+D, O","ウィンドウ","org.eclipse.pde.ui.EquinoxLaunchShortcut.debug"
"Web ページ・エディター・レイアウト","垂直レイアウト","Ctrl+Shift+F9","Web ページ・エディターの使用","org.eclipse.jst.pagedesigner.vertical"
"編集","コメントの切り替え","Ctrl+7","Editing Xtext Source","org.eclipse.xtext.ui.ToggleCommentAction"
"ターミナル・ビュー・コマンド","ターミナル・ビュー挿入","Alt+P","ターミナル入力接続","org.eclipse.tm.terminal.command1"
"ソース","ブロック・コメントの除去","Ctrl+Shift+\","Java ソースの編集","org.eclipse.jdt.ui.edit.text.java.remove.block.comment"
"ウィンドウ","キー・アシストを表示","Ctrl+Shift+L","ダイアログまたはウィンドウ","org.eclipse.ui.window.showKeyAssist"
"ビュー","ビューの表示","Alt+Shift+Q, Q","ウィンドウ","org.eclipse.ui.views.showView"
"テキスト編集","ズームイン","Ctrl++","テキストの編集","org.eclipse.ui.edit.text.zoomIn"
"言語サーバー","ワークスペース内のシンボルにジャンプ","Ctrl+Shift+T","ウィンドウ","org.eclipse.lsp4e.symbolinworkspace"
"実行/デバッグ","Java アプリケーションのデバッグ","Alt+Shift+D, J","ウィンドウ","org.eclipse.jdt.debug.ui.localJavaShortcut.debug"
"Web ページ・エディター・レイアウト","グラフィカル・デザイナー","Ctrl+Shift+F11","Web ページ・エディターの使用","org.eclipse.jst.pagedesigner.design"
"ナビゲート","前のメンバーへジャンプ","Ctrl+Shift+Up","Java ソースの編集","org.eclipse.jdt.ui.edit.text.java.goto.previous.member"
"ビュー","ビューの表示 (型階層)","Alt+Shift+Q, T","ウィンドウ","org.eclipse.ui.views.showView"
"テキスト編集","行の先頭まで選択","Shift+Home","Embedded Xtext Editor context","org.eclipse.ui.edit.text.select.lineStart"
"ナビゲート","型を開く","Ctrl+Shift+T","JavaScript ソースの編集中","org.eclipse.wst.jsdt.ui.navigate.open.type"
"ターミナル・ビュー・コマンド","ターミナル・ビュー挿入","Alt+H","ターミナル入力接続","org.eclipse.tm.terminal.command1"
"実行/デバッグ","メモリー・モニター・ペインを切り替え","Ctrl+T","メモリー・ビュー内","org.eclipse.debug.ui.commands.toggleMemoryMonitorsPane"
"編集","削除","Delete","ウィンドウ","org.eclipse.ui.edit.delete"
"テキスト編集","現在行の上に行を挿入","Ctrl+Shift+Enter","Embedded Xtext Editor context","org.eclipse.ui.edit.text.smartEnterInverse"
"Glance","ヒストリーのクリア","Ctrl+Shift+Backspace","Glance 検索コンテキスト","com.xored.glance.commands.clearHistory"
"ナビゲート","呼び出し階層を開く","Ctrl+Alt+H","Editing Xtext Grammar","org.eclipse.xtext.ui.editor.OpenCallHierarchy"
"実行/デバッグ","RWT アプリケーションの実行","Alt+Shift+X, 3","ウィンドウ","org.eclipse.rap.tools.launch.rwt.rwtLaunchShortcut.run"
"テキスト編集","テキストの先頭","Ctrl+Home","テキストの編集","org.eclipse.ui.edit.text.goto.textStart"
"サーバー","デバッグ","Ctrl+Alt+D","サーバー・ビュー","org.eclipse.wst.server.debug"
"編集","次の要素を選択","Alt+Shift+Right","構造化テキスト・エディターで編集","org.eclipse.wst.sse.ui.structure.select.next"
"テキスト編集","前の単語を削除","Ctrl+Backspace","テキストの編集","org.eclipse.ui.edit.text.deletePreviousWord"
"ナビゲート","構造を開く","Ctrl+F3","JavaScript ソースの編集中","org.eclipse.wst.jsdt.ui.navigate.java.open.structure"
"Glance","フォーカス・バックで戻る","Ctrl+Alt+F","Glance 検索コンテキスト","com.xored.glance.commands.focus"
"ウィンドウ","エディター分割の切り替え (水平方向)","Ctrl+\","ウィンドウ","org.eclipse.ui.window.splitEditor"
"スパイ","プラグイン・メニュー・スパイ","Alt+Shift+F2","ダイアログまたはウィンドウ","org.eclipse.pde.runtime.spy.commands.menuSpyCommand"
"AnyEdit ツール","大文字に変換","Ctrl+Alt+U","テキストの編集","AnyEdit.toUpperCase.command"
"ソース","インポートの編成","Ctrl+Shift+O","Editing Xtext Source","org.eclipse.xtext.xbase.ui.organizeImports"
"編集","Maven 依存関係の追加","Ctrl+Shift+D","XML ソースの編集","org.eclipse.m2e.core.ui.command.addDependency"
"ナビゲート","指定行へジャンプ","Ctrl+L","テキストの編集","org.eclipse.ui.edit.text.goto.line"
"テキスト編集","行の末尾","End","Embedded Xtext Editor context","org.eclipse.ui.edit.text.goto.lineEnd"
"編集","エンクロージング要素の選択","Alt+Shift+Up","Java ソースの編集","org.eclipse.jdt.ui.edit.text.java.select.enclosing"
"ナビゲート","リモートのタスクを開く","Ctrl+Alt+Shift+F12","ウィンドウ","org.eclipse.mylyn.tasks.ui.command.openRemoteTask"
"タスク・リポジトリー","タスクを未完了としてマーク","Alt+Shift+I","タスク・エディター","org.eclipse.mylyn.tasks.ui.command.markTaskIncomplete"
"ナビゲート","ヒストリーを進む","Alt+Right","ウィンドウ","org.eclipse.ui.navigate.forwardHistory"
"ナビゲート","クイック・アウトライン","Ctrl+Shift+O","タスク・マークアップ・エディター・ソース・コンテキスト","org.eclipse.mylyn.wikitext.ui.quickOutlineCommand"
"ソース","ファイル内の名前変更","Alt+Shift+R","Ant ビルド・ファイルの編集","org.eclipse.ant.ui.renameInFile"
"Glance","次の一致","Enter","Glance 検索コンテキスト","com.xored.glance.ui.nextResult"
"編集","挿入モードを切り替えます","Ctrl+Shift+Insert","テキストの編集","org.eclipse.ui.edit.text.toggleInsertMode"
"カテゴリーなし","Left Guillemet","<","NLS Editor Context","org.eclipse.fx.ide.l10n.ui.insertLeftGuillemet"
"ナビゲート","次のタブ","Ctrl+PageDown","ダイアログまたはウィンドウ","org.eclipse.ui.navigate.nextTab"
"テキスト編集","次の単語","Ctrl+Right","テキストの編集","org.eclipse.ui.edit.text.goto.wordNext"
"ソース","「囲む」クイック・メニュー","Alt+Shift+Z","JavaScript ビュー","org.eclipse.wst.jsdt.ui.edit.text.java.surround.with.quickMenu"
"ターミナル・ビュー・コマンド","貼り付け","Ctrl+Shift+V","フォーカスのターミナル制御","org.eclipse.tm.terminal.paste"
"カテゴリーなし","メソッドの抽出","Alt+Shift+M","Editing Xtext Source","org.eclipse.xtend.ide.refactoring.ExtractMethod"
"実行/デバッグ","再開","F8","デバッグ","org.eclipse.debug.ui.commands.Resume"
"ビュー","ビューの表示 (タスク・リスト)","Alt+Shift+Q, K","ウィンドウ","org.eclipse.ui.views.showView"
"ナビゲート","宣言を開く","F3","Editing Xtext Source","org.eclipse.xtext.ui.editor.hyperlinking.OpenDeclaration"
"テキスト編集","縮小","Ctrl+Numpad_Subtract","テキストの編集","org.eclipse.ui.edit.text.folding.collapse"
"ソース","コメントの切り替え","Ctrl+/","JavaScript ソースの編集中","org.eclipse.wst.jsdt.ui.edit.text.java.toggle.comment"
"ソース","Ant 出現箇所のマークの切り替え","Alt+Shift+O","Ant ビルド・ファイルの編集","org.eclipse.ant.ui.toggleMarkOccurrences"
"実行/デバッグ","TestNG スイートをカバレッジ","Alt+Shift+E, G","ウィンドウ","org.eclipse.eclemma.ui.testNgSuiteShortcut.coverage"
"ターミナル・ビュー・コマンド","コピー","Ctrl+Insert","フォーカスのターミナル制御","org.eclipse.tm.terminal.copy"
"Glance","直前の一致","Shift+Enter","Glance 検索コンテキスト","com.xored.glance.ui.prevResult"
"Web ページ・エディター・レイアウト","ソース・コード","Ctrl+Shift+F12","Web ページ・エディターの使用","org.eclipse.jst.pagedesigner.source"
"リファクタリング - JavaScript","ローカル変数の抽出","Alt+Shift+L","JavaScript ビュー","org.eclipse.wst.jsdt.ui.edit.text.java.extract.local.variable"
"スパイ","レイアウト・スパイ","Ctrl+Alt+Shift+F9","ダイアログまたはウィンドウ","org.eclipse.tools.layout.spy.commands.layoutSpyCommand"
"編集","ブロック・コメントの除去","Ctrl+Shift+\","構造化テキスト・エディターで編集","org.eclipse.wst.sse.ui.remove.block.comment"
"テキスト編集","行のスクロールダウン","Ctrl+Down","テキストの編集","org.eclipse.ui.edit.text.scroll.lineDown"
"ソース","外部ドキュメントを開く","Shift+F2","Ant ビルド・ファイルの編集","org.eclipse.ant.ui.openExternalDoc"
"編集","コピー","Ctrl+Insert","ダイアログまたはウィンドウ","org.eclipse.ui.edit.copy"
"Git","コミット...","Ctrl+#","ウィンドウ","org.eclipse.egit.ui.team.Commit"
"検索","「検索」ダイアログを開く","Ctrl+H","ウィンドウ","org.eclipse.search.ui.openSearchDialog"
"テキスト編集","テキストの末尾","Ctrl+End","Embedded Xtext Editor context","org.eclipse.ui.edit.text.goto.textEnd"
"編集","選択を開く","F3","構造化テキスト・エディターで編集","org.eclipse.wst.sse.ui.open.file.from.source"
"検索","ファイル・クイック・メニュー内での出現箇所を表示","Ctrl+Shift+U","ウィンドウ","org.eclipse.jdt.ui.edit.text.java.search.occurrences.in.file.quickMenu"
"マニフェスト・エディター・ソース","ソースのフォーマット","Ctrl+Shift+F","PDE エディター","org.eclipse.pde.ui.edit.text.format"
"実行/デバッグ","Java アプリケーションのデバッグ","Alt+D, J","Editing Xtend Source","org.eclipse.xtend.ide.launching.localJavaShortcut.debug"
"データベース・ツール","選択したテキストを実行","Alt+X","SQL の編集","org.eclipse.datatools.sqltools.sqleditor.ExecuteSelectionAction"
"ナビゲート","次のメンバーへジャンプ","Ctrl+Shift+Down","Java ソースの編集","org.eclipse.jdt.ui.edit.text.java.goto.next.member"
"ウィンドウ","アクティブ・ビューまたはエディターの最大化","Ctrl+M","ウィンドウ","org.eclipse.ui.window.maximizePart"
"ターミナル・ビュー・コマンド","ターミナル・ビュー挿入","Alt+Y","ターミナル入力接続","org.eclipse.tm.terminal.command1"
"SVN","マージ...","Ctrl+Alt+E","ウィンドウ","org.eclipse.team.svn.ui.command.MergeCommand"
"テキスト編集","1 行上へ移動","Alt+Up","Embedded Xtext Editor context","org.eclipse.ui.edit.text.moveLineUp"
"タスク・リポジトリー","タスクを既読としてマーク","Alt+Shift+R","タスク・ビュー","org.eclipse.mylyn.tasks.ui.command.markTaskRead"
"カテゴリーなし","ターゲット・プラットフォームへ成果物を追加","Ctrl+Alt+Shift+A","ウィンドウ","org.eclipse.pde.ui.searchTargetRepositories"
"テキスト編集","ツールチップ説明の表示","F2","Embedded Xtext Editor context","org.eclipse.ui.edit.text.showInformation"
"スパイ","プラグイン選択スパイ","Alt+Shift+F1","ダイアログまたはウィンドウ","org.eclipse.pde.runtime.spy.commands.spyCommand"
"カテゴリーなし","Insert right guillemet","Ctrl+>","Editing Xtend Source","org.eclipse.xtend.ide.insertRightGuillemet"
"ナビゲート","次のサブ・タブ","Alt+PageDown","ダイアログまたはウィンドウ","org.eclipse.ui.navigate.nextSubTab"
"テキスト編集","現在行の下に行を挿入","Shift+Enter","テキストの編集","org.eclipse.ui.edit.text.smartEnter"
"タスク・リポジトリー","新規ローカル・タスク","Insert","タスク・ビュー","org.eclipse.mylyn.tasks.ui.command.new.local.task"
"ソース","ソース・クイック・メニューを表示","Alt+Shift+S","JavaScript ビュー","org.eclipse.wst.jsdt.ui.edit.text.java.source.quickMenu"
"実行/デバッグ","Trigger Restart","Ctrl+R","I/O コンソール","org.springframework.ide.eclipse.boot.restart.commands.restart"
"テキスト編集","次の単語を削除","Ctrl+Delete","テキストの編集","org.eclipse.ui.edit.text.deleteNextWord"
"ナビゲート","次ページ","Ctrl+F5","Web ページ・エディターの使用","org.eclipse.ui.part.nextPage"
"実行/デバッグ","JUnit テストの実行","Alt+Shift+X, T","Editing Xtend Source","org.eclipse.xtend.ide.launching.junitShortcut.run"
"ソース","ブロック・コメントの除去","Ctrl+Shift+\","JavaScript ソースの編集中","org.eclipse.wst.jsdt.ui.edit.text.java.remove.block.comment"
"テキスト編集","次の単語を選択","Ctrl+Shift+Right","テキストの編集","org.eclipse.ui.edit.text.select.wordNext"
"タスク・リポジトリー","タスクを完了としてマーク","Alt+Shift+C","タスク・エディター","org.eclipse.mylyn.tasks.ui.command.markTaskComplete"
"編集","コンテキスト情報","Ctrl+Shift+Space","ダイアログまたはウィンドウ","org.eclipse.ui.edit.text.contentAssist.contextInformation"
"テキスト編集","小文字に変更","Ctrl+Shift+Y","テキストの編集","org.eclipse.ui.edit.text.lowerCase"
"ターミナル・ビュー・コマンド","アクティブ・ビューまたはエディターの最大化","Alt+Up","フォーカスのターミナル制御","org.eclipse.tm.terminal.maximize"
"カテゴリーなし","Insert right guillemet",">","Editing Xtend Source","org.eclipse.xtend.ide.insertRightGuillemet"
"SVN","リポジトリーと同期化","Ctrl+Alt+S","ウィンドウ","org.eclipse.team.svn.ui.command.SynchronizeCommand"
"実行/デバッグ","JUnit プラグイン・テストをカバレッジ","Alt+Shift+E, P","ウィンドウ","org.eclipse.eclemma.ui.junitPluginShortcut.coverage"
"編集","前の要素を選択","Alt+Shift+Left","Editing Xtext Source","org.eclipse.xtext.ui.editor.select.previous"
"リファクタリング - JavaScript","インライン化","Alt+Shift+I","JavaScript ビュー","org.eclipse.wst.jsdt.ui.edit.text.java.inline"
"編集","前回の選択を復元","Alt+Shift+Down","JavaScript ソースの編集中","org.eclipse.wst.jsdt.ui.edit.text.java.select.last"
"実行/デバッグ","前回の起動を実行","Ctrl+F11","ウィンドウ","org.eclipse.debug.ui.commands.RunLast"
"実行/デバッグ","JUnit テストのデバッグ","Alt+Shift+D, T","ウィンドウ","org.eclipse.jdt.junit.junitShortcut.debug"
"テキスト編集","行のスクロールダウン","Ctrl+Down","Embedded Xtext Editor context","org.eclipse.ui.edit.text.scroll.lineDown"
"データベース・ツール","選択したテキストを 1 つのステートメントとして実行","Alt+C","SQL の編集","org.eclipse.datatools.sqltools.sqleditor.ExecuteAsOneStatementAction"
"ウィンドウ","エディター分割の切り替え (垂直方向)","Ctrl+{","ウィンドウ","org.eclipse.ui.window.splitEditor"
"編集","やり直し","Ctrl+Y","ダイアログまたはウィンドウ","org.eclipse.ui.edit.redo"
"ターミナル・コマンド","選択されたローカル・ターミナルを開く","Ctrl+Alt+Shift+T","ウィンドウ","org.eclipse.tm.terminal.view.ui.command.launchToolbar"
"ウィンドウ","提供プラグインの表示","Alt+Shift+F3","ダイアログまたはウィンドウ","org.eclipse.ui.window.spy"
"ソース","Snipmatch スニペット補完","Ctrl+Alt+Shift+Space","テキストの編集","org.eclipse.recommenders.snipmatch.rcp.commands.completion"
"実行/デバッグ","レンダリングを閉じる","Ctrl+W","メモリー・ビュー内","org.eclipse.debug.ui.commands.closeRendering"
"実行/デバッグ","TestNG テストをカバレッジ","Alt+Shift+E, N","ウィンドウ","org.eclipse.eclemma.ui.testNgShortcut.coverage"
"ターミナル・ビュー・コマンド","クイック・アクセス","Alt+Right","フォーカスのターミナル制御","org.eclipse.tm.terminal.quickaccess"
"SVN","svn:ignore に追加...","Ctrl+Alt+I","ウィンドウ","org.eclipse.team.svn.ui.command.AddToSVNIgnoreCommand"
"ソース","フォーマット","Ctrl+Shift+F","Java ソースの編集","org.eclipse.jdt.ui.edit.text.java.format"
"検索","ワークスペース内の宣言","Ctrl+G","JavaScript ビュー","org.eclipse.wst.jsdt.ui.edit.text.java.search.declarations.in.workspace"
"編集","一致するタグ","Ctrl+Shift+>","構造化テキスト・エディターで編集","org.eclipse.wst.xml.ui.gotoMatchingTag"
"テキスト編集","行をコピー","Ctrl+Alt+Down","Embedded Xtext Editor context","org.eclipse.ui.edit.text.copyLineDown"
"フォーカス UI","コンテキスト・クイック・ビューの表示","Ctrl+Alt+Shift+Right","ウィンドウ","org.eclipse.mylyn.context.ui.commands.open.context.dialog"
"タスク・リポジトリー","タスクを既読としてマークし、次の未読タスクへジャンプ","Alt+Shift+Down","タスク・ビュー","org.eclipse.mylyn.tasks.ui.command.markTaskReadGoToNextUnread"
"ナビゲート","最後の編集位置","Ctrl+Q","ウィンドウ","org.eclipse.ui.edit.text.gotoLastEditPosition"
"ターミナル・ビュー・コマンド","ターミナル・ビュー挿入","Alt+T","ターミナル入力接続","org.eclipse.tm.terminal.command1"
"タスク・リポジトリー","タスクを完了としてマーク","Alt+Shift+C","タスク・ビュー","org.eclipse.mylyn.tasks.ui.command.markTaskComplete"
"ナビゲート","Bean クイック相互参照","Alt+Shift+G","テキストの編集","org.springframework.ide.eclipse.aop.ui.inplace.show"
"ファイル","印刷","Ctrl+P","ウィンドウ","org.eclipse.ui.file.print"
"編集","すべて選択","Ctrl+A","ダイアログまたはウィンドウ","org.eclipse.ui.edit.selectAll"
"テキスト編集","行を複写","Ctrl+Alt+Up","テキストの編集","org.eclipse.ui.edit.text.copyLineUp"
"タスク・エディター","パーツの最大化","Ctrl+Shift+M","タスク・エディター","org.eclipse.mylyn.tasks.ui.command.maximizePart"
"実行/デバッグ","Eclipse アプリケーションの実行","Alt+Shift+X, E","ウィンドウ","org.eclipse.pde.ui.runtimeWorkbenchShortcut.run"
"ソース","コメントの切り替え","Ctrl+/","Java ソースの編集","org.eclipse.jdt.ui.edit.text.java.toggle.comment"
"編集","逆インクリメンタル検索","Ctrl+Shift+J","Embedded Xtext Editor context","org.eclipse.ui.edit.findIncrementalReverse"
"SVN","注釈の表示...","Ctrl+Alt+A","ウィンドウ","org.eclipse.team.svn.ui.command.ShowAnnotationCommand"
"編集","エンクロージング要素の選択","Alt+Shift+Up","構造化テキスト・エディターで編集","org.eclipse.wst.sse.ui.structure.select.enclosing"
"編集","前の兄弟","Ctrl+Shift+Up","構造化テキスト・エディターで編集","org.eclipse.wst.xml.ui.previousSibling"
"実行/デバッグ","Eclipse アプリケーションのデバッグ","Alt+Shift+D, E","ウィンドウ","org.eclipse.pde.ui.runtimeWorkbenchShortcut.debug"
"編集","単語補完","Alt+/","Embedded Xtext Editor context","org.eclipse.ui.edit.text.hippieCompletion"
"編集","ファイル内での出現箇所","Ctrl+Shift+A","構造化テキスト・エディターで編集","org.eclipse.wst.sse.ui.search.find.occurrences"
"ファイル","すべて保存","Ctrl+Shift+S","ウィンドウ","org.eclipse.ui.file.saveAll"
"編集","Maven プラグインの追加","Ctrl+Shift+P","XML ソースの編集","org.eclipse.m2e.core.ui.command.addPlugin"
"ファイル","新規メニュー","Alt+Shift+N","ウィンドウ","org.eclipse.ui.file.newQuickMenu"
"テキスト編集","行の末尾まで削除","Ctrl+Shift+Delete","テキストの編集","org.eclipse.ui.edit.text.delete.line.to.end"
"ウィンドウ","ルーラー・コンテキスト・メニューの表示","Ctrl+F10","テキストの編集","org.eclipse.ui.edit.text.showRulerContextMenu"
"実行/デバッグ","指定行まで実行","Ctrl+R","デバッグ","org.eclipse.debug.ui.commands.RunToLine"
"カテゴリーなし","参照の検索","Ctrl+Shift+G","汎用コード・エディター内","org.eclipse.ui.genericeditor.findReferences"
"データベース・ツール","現在のテキストを実行","Alt+S","SQL の編集","org.eclipse.datatools.sqltools.sqleditor.ExecuteCurrentAction"
"編集","前回の選択を復元","Alt+Shift+Down","構造化テキスト・エディターで編集","org.eclipse.wst.sse.ui.structure.select.last"
"実行/デバッグ","EOF","Ctrl+Z","I/O コンソール","org.eclipse.debug.ui.commands.eof"
"タスク・リポジトリー","選択したタスクを開く","Ctrl+Enter","タスク・ビュー","org.eclipse.mylyn.tasks.ui.command.openSelectedTask"
"ソース","クイック・アシスト - フィールドへの代入","Ctrl+2, F","Java ソースの編集","org.eclipse.jdt.ui.correction.assignToField.assist"
"ビュー","ビューの表示 (虎の巻)","Alt+Shift+Q, H","ウィンドウ","org.eclipse.ui.views.showView"
"編集","ブロック選択の切り替え","Alt+Shift+A","テキストの編集","org.eclipse.ui.edit.text.toggleBlockSelectionMode"
"ナビゲート","型を開く","Ctrl+Shift+T","ウィンドウ","org.eclipse.jdt.ui.navigate.open.type"
"ナビゲート","タスクをアクティブにする","Ctrl+F9","ウィンドウ","org.eclipse.mylyn.tasks.ui.command.activateTask"
"フォーカス UI","関心ありにする","Ctrl+Alt+Shift+Down","ウィンドウ","org.eclipse.mylyn.context.ui.commands.interest.decrement"
"実行/デバッグ","強制リターン","Alt+Shift+F","ウィンドウ","org.eclipse.jdt.debug.ui.commands.ForceReturn"
"実行/デバッグ","カバレッジ","Ctrl+Shift+F11","ウィンドウ","org.eclipse.eclemma.ui.commands.CoverageLast"
"ビュー","ズームアウト","Ctrl+-","ウィンドウ","org.eclipse.gef.zoom_out"
"実行/デバッグ","メモリー・ブロックを追加します","Ctrl+Alt+M","メモリー・ビュー内","org.eclipse.debug.ui.commands.addMemoryMonitor"
"テキスト編集","上書きの切り替え","Insert","Embedded Xtext Editor context","org.eclipse.ui.edit.text.toggleOverwrite"
"ウィンドウ","プロジェクトの更新","Alt+F5","ウィンドウ","org.eclipse.m2e.core.ui.command.updateProject"
"テキスト編集","ツールチップ説明の表示","F2","テキストの編集","org.eclipse.ui.edit.text.showInformation"
"ナビゲート","前ページ","Alt+Shift+F7","ウィンドウ","org.eclipse.ui.part.previousPage"
"Glance","Glance を閉じる","Esc","Glance 検索コンテキスト","com.xored.glance.commands.close"
"ナビゲート","Bean クイック・アウトライン","Ctrl+Shift+O","構造化テキスト・エディターで編集","org.springframework.ide.eclipse.beans.ui.inplace.show"
"検索","ファイル・クイック・メニュー内での出現箇所を表示","Ctrl+Shift+U","JavaScript ビュー","org.eclipse.wst.jsdt.ui.edit.text.java.search.occurrences.in.file.quickMenu"
"実行/デバッグ","Java アプリケーションをカバレッジ","Alt+Shift+E, J","ウィンドウ","org.eclipse.eclemma.ui.localJavaShortcut.coverage"
"ソース","Checkstyle フィックスの適用","Ctrl+Alt+C","Java ソースの編集","CheckstylePlugin.ApplyCheckstyleFixes"
"編集","前を検索","Ctrl+Shift+K","テキストの編集","org.eclipse.ui.edit.findPrevious"
"実行/デバッグ","すべてのインスタンス","Ctrl+Shift+N","ウィンドウ","org.eclipse.jdt.debug.ui.commands.AllInstances"
"EMF コード生成","コードの生成","Alt+Shift+G","ウィンドウ","org.eclipse.emf.codegen.ecore.ui.Generate"
"リファクタリング - Java","移動 - リファクタリング ","Alt+Shift+V","ウィンドウ","org.eclipse.jdt.ui.edit.text.java.move.element"
"ソース","コメントの切り替え","Ctrl+Shift+C","JavaScript ソースの編集中","org.eclipse.wst.jsdt.ui.edit.text.java.toggle.comment"
"実行/デバッグ","前回の起動をデバッグ","F11","ウィンドウ","org.eclipse.debug.ui.commands.DebugLast"
"ビュー","JavaScript スクリプト・エクスプローラー","Alt+Shift+Q, P","JavaScript ビュー","org.eclipse.wst.jsdt.ui.PackageExplorer"
"ソース","JSdoc コメントの追加","Alt+Shift+J","JavaScript ビュー","org.eclipse.wst.jsdt.ui.edit.text.java.add.javadoc.comment"
"データベース・ツール","SQL クエリー・ビルダーで編集...","Alt+Q","SQL の編集","org.eclipse.datatools.sqltools.sqleditor.DMLDialogSelectionAction"
"テキスト編集","1 行上へ移動","Alt+Up","テキストの編集","org.eclipse.ui.edit.text.moveLineUp"
"テキスト編集","行の末尾まで選択","Shift+End","テキストの編集","org.eclipse.ui.edit.text.select.lineEnd"
"ナビゲート","次ページ","Ctrl+F5","Faces 構成エディター","org.eclipse.ui.part.nextPage"
"実行/デバッグ","ブレークポイントの切り替え","Ctrl+Shift+B","ウィンドウ","org.eclipse.debug.ui.commands.ToggleBreakpoint"
"ビュー","ビューの表示 (問題)","Alt+Shift+Q, X","ウィンドウ","org.eclipse.ui.views.showView"
"実行/デバッグ","Maven ビルドの実行","Alt+Shift+X, M","ウィンドウ","org.eclipse.m2e.core.pomFileAction.run"
"データベース・ツール","一致するトークンにジャンプ","Ctrl+Shift+P","SQL の編集","org.eclipse.datatools.sqltools.sqleditor.GotoMatchingTokenAction"
"Glance","Glance を開く","Ctrl+Alt+F","ダイアログまたはウィンドウ","com.xored.glance.commands.open"
"ソース","クイック・アシスト - ファイル内の名前変更","Ctrl+2, R","JavaScript ソースの編集中","org.eclipse.wst.jsdt.ui.correction.renameInFile.assist"
"ターミナル・ビュー・コマンド","ターミナル・ビュー挿入","Alt+E","ターミナル入力接続","org.eclipse.tm.terminal.command1"
"リファクタリング - Java","インライン化","Alt+Shift+I","ウィンドウ","org.eclipse.jdt.ui.edit.text.java.inline"
"ナビゲート","クリップボードから開く","Ctrl+Shift+V","ウィンドウ","org.eclipse.jdt.debug.ui.command.OpenFromClipboard"
"ウィンドウ","フル・スクリーンの切り替え","Alt+F11","ダイアログまたはウィンドウ","org.eclipse.ui.window.fullscreenmode"
"テキスト編集","行の先頭","Home","Embedded Xtext Editor context","org.eclipse.ui.edit.text.goto.lineStart"
"テキスト編集","展開","Ctrl+Numpad_Add","テキストの編集","org.eclipse.ui.edit.text.folding.expand"
"ターミナル・ビュー・コマンド","ターミナル・ビュー挿入","Alt+A","ターミナル入力接続","org.eclipse.tm.terminal.command1"
"ウィンドウ","前のビュー","Ctrl+Shift+F7","ウィンドウ","org.eclipse.ui.window.previousView"
"タスク・リポジトリー","タスクを既読としてマークし、前の未読タスクへジャンプ","Alt+Shift+Up","タスク・ビュー","org.eclipse.mylyn.tasks.ui.command.markTaskReadGoToPreviousUnread"
"AnyEdit ツール","大/小文字を逆転","Ctrl+Alt+I","テキストの編集","AnyEdit.invertCase.command"
"YEdit","コメントの切り替え","Ctrl+/","YEdit エディター・コンテキスト","org.dadacoalition.yedit.commands.toggleComment"
"リファクタリング - Java","ローカル変数の抽出","Alt+Shift+L","ウィンドウ","org.eclipse.jdt.ui.edit.text.java.extract.local.variable"
"実行/デバッグ","JUnit テストのデバッグ","Alt+Shift+D, T","Editing Xtend Source","org.eclipse.xtend.ide.launching.junitShortcut.debug"
"ソース","コメントの切り替え","Ctrl+7","Java ソースの編集","org.eclipse.jdt.ui.edit.text.java.toggle.comment"
"テキスト編集","前の単語を削除","Ctrl+Backspace","Embedded Xtext Editor context","org.eclipse.ui.edit.text.deletePreviousWord"
"編集","名前変更","Alt+Shift+R","JSP ソースの編集","org.eclipse.jst.jsp.ui.refactor.rename"
"編集","次の要素を選択","Alt+Shift+Right","Java ソースの編集","org.eclipse.jdt.ui.edit.text.java.select.next"
"編集","挿入モードを切り替えます","Ctrl+Shift+Insert","Embedded Xtext Editor context","org.eclipse.ui.edit.text.toggleInsertMode"
"テキスト編集","テキストの末尾","Ctrl+End","テキストの編集","org.eclipse.ui.edit.text.goto.textEnd"
"リファクタリング - Java","メソッドの抽出","Alt+Shift+M","ウィンドウ","org.eclipse.jdt.ui.edit.text.java.extract.method"
"ビュー","ビューの表示 (同期化)","Alt+Shift+Q, Y","ウィンドウ","org.eclipse.ui.views.showView"
"テキスト編集","ズームイン","Ctrl+;","テキストの編集","org.eclipse.ui.edit.text.zoomIn"
"ビュー","ビューの表示 (パッケージ・エクスプローラー)","Alt+Shift+Q, P","ウィンドウ","org.eclipse.ui.views.showView"
"JavaScript デバッグ","評価","Alt+Shift+E","JavaScript ソースの編集中","org.eclipse.wst.jsdt.debug.ui.evaluate.command"
"ビュー","ビューの表示 (アウトライン)","Alt+Shift+Q, O","ウィンドウ","org.eclipse.ui.views.showView"
"リファクタリング - JavaScript","移動 - リファクタリング ","Alt+Shift+V","JavaScript ビュー","org.eclipse.wst.jsdt.ui.edit.text.java.move.element"
"EGradle","コメントの切り替え","Ctrl+7","Gradle context","egradle.editor.commands.source.toggleComment"
"ナビゲート","クイック階層","Ctrl+T","JavaScript ソースの編集中","org.eclipse.wst.jsdt.ui.edit.text.java.open.hierarchy"
"編集","前の要素を選択","Alt+Shift+Left","JavaScript ソースの編集中","org.eclipse.wst.jsdt.ui.edit.text.java.select.previous"
"データベース・ツール","デバッグ","Ctrl+Alt+D","SQL の編集","org.eclipse.datatools.sqltools.sqleditor.debugAction"
"編集","エンクロージング要素の選択","Alt+Shift+Up","Editing Xtext Source","org.eclipse.xtext.ui.editor.select.enclosing"
"テキスト編集","行の末尾まで選択","Shift+End","Embedded Xtext Editor context","org.eclipse.ui.edit.text.select.lineEnd"
"検索","ワークスペース内の参照","Ctrl+Shift+G","ウィンドウ","org.eclipse.jdt.ui.edit.text.java.search.references.in.workspace"
"ファイル","すべて閉じる","Ctrl+Shift+W","ウィンドウ","org.eclipse.ui.file.closeAll"
"データベース・ツール","実行","Ctrl+Alt+R","SQL の編集","org.eclipse.datatools.sqltools.sqleditor.runAction"
"テキスト編集","行の先頭","Home","テキストの編集","org.eclipse.ui.edit.text.goto.lineStart"
"検索","ワークスペース内の宣言","Ctrl+G","ウィンドウ","org.eclipse.jdt.ui.edit.text.java.search.declarations.in.workspace"
"ビュー","ビューの表示 (検索)","Alt+Shift+Q, S","ウィンドウ","org.eclipse.ui.views.showView"
"Git","パスをクリップボードにコピー","Ctrl+C","Git リポジトリー・ビュー","org.eclipse.egit.ui.RepositoriesViewCopyPath"
"テキスト編集","ズームイン","Ctrl+=","テキストの編集","org.eclipse.ui.edit.text.zoomIn"
"ナビゲート","次の未読タスクへジャンプ","Alt+Down","タスク・ビュー","org.eclipse.mylyn.tasks.ui.command.goToNextUnread"
"テキスト編集","1 行下へ移動","Alt+Down","テキストの編集","org.eclipse.ui.edit.text.moveLineDown"
"編集","コピー","Ctrl+C","ダイアログまたはウィンドウ","org.eclipse.ui.edit.copy"
"リファクタリング - Java","メソッド・シグネチャーの変更","Alt+Shift+C","ウィンドウ","org.eclipse.jdt.ui.edit.text.java.modify.method.parameters"
"SVN","リポジトリーから最新","Ctrl+Alt+L","ウィンドウ","org.eclipse.team.svn.ui.command.CompareWithLatestRevisionCommand"
"Enhanced Class Decompiler","逆コンパイル","Ctrl+Alt+.","ウィンドウ","org.sf.feeling.decompiler.debugMode"
"実行/デバッグ","AspectJ/Java アプリケーションの実行","Alt+Shift+X, C","ウィンドウ","org.eclipse.ajdt.launching.runShortcut.run"
"テキスト編集","1 行下へ移動","Alt+Down","Embedded Xtext Editor context","org.eclipse.ui.edit.text.moveLineDown"
"実行/デバッグ","前のメモリー・ページ","Ctrl+Shift+,","テーブル・メモリー・レンダリング内","org.eclipse.debug.ui.command.prevpage"
"タスク・リポジトリー","新規サブタスク","Shift+Insert","タスク・ビュー","org.eclipse.mylyn.tasks.ui.command.new.subtask"
"ウィンドウ","設定","F10","ウィンドウ","org.eclipse.ui.window.preferences"
"編集","前の要素を選択","Alt+Shift+Left","構造化テキスト・エディターで編集","org.eclipse.wst.sse.ui.structure.select.previous"
"データベース・ツール","すべて実行","Ctrl+Alt+X","SQL の編集","org.eclipse.datatools.sqltools.sqleditor.ExecuteSQLAction"
"編集","単語補完","Alt+/","テキストの編集","org.eclipse.ui.edit.text.hippieCompletion"
"実行/デバッグ","Scala アプリケーションをカバレッジ","Alt+Shift+E, L","ウィンドウ","org.eclipse.eclemma.ui.scalaShortcut.coverage"
"カテゴリーなし","Right Guillemet",">","NLS Editor Context","org.eclipse.fx.ide.l10n.ui.insertRightGuillemet"
"SVN","パッチの作成...","Ctrl+Alt+P","ウィンドウ","org.eclipse.team.svn.ui.command.CreatePatchCommand"
"実行/デバッグ","Eclipse アプリケーションをカバレッジ","Alt+Shift+E, E","ウィンドウ","org.eclipse.eclemma.ui.workbenchShortcut.coverage"
"編集","ブロック選択の切り替え","Alt+Shift+A","Embedded Xtext Editor context","org.eclipse.ui.edit.text.toggleBlockSelectionMode"
"編集","切り取り","Ctrl+X","ダイアログまたはウィンドウ","org.eclipse.ui.edit.cut"
"編集","インポートの追加(&P)","Ctrl+Shift+M","JSP ソースの編集","org.eclipse.jst.jsp.ui.add.imports"
"実行/デバッグ","SWTBot テスト","Alt+Shift+D, S","ウィンドウ","org.eclipse.swtbot.eclipse.ui.junitShortcut.debug"
"実行/デバッグ","次のメモリー・ページ","Ctrl+Shift+.","テーブル・メモリー・レンダリング内","org.eclipse.debug.ui.command.nextpage"
"ビュー","ビューの表示 (コンソール)","Alt+Shift+Q, C","ウィンドウ","org.eclipse.ui.views.showView"
"ナビゲート","宣言を開く","F3","JavaScript ビュー","org.eclipse.wst.jsdt.ui.edit.text.java.open.editor"
"実行/デバッグ","Java アプリケーションの実行","Alt+Shift+X, J","Editing Xtend Source","org.eclipse.xtend.ide.launching.localJavaShortcut.run"
"実行/デバッグ","Ant ビルドの実行","Alt+Shift+X, Q","ウィンドウ","org.eclipse.ant.ui.antShortcut.run"
"編集","貼り付け","Shift+Insert","ダイアログまたはウィンドウ","org.eclipse.ui.edit.paste"
"YEdit","フォーマット","Ctrl+Shift+F","YEdit エディター・コンテキスト","org.dadacoalition.yedit.command.formatDocument"
"実行/デバッグ","JUnit プラグイン・テストのデバッグ","Alt+Shift+D, P","ウィンドウ","org.eclipse.pde.ui.junitWorkbenchShortcut.debug"
"ターミナル・ビュー・コマンド","ターミナル・ビュー挿入","Alt+L","ターミナル入力接続","org.eclipse.tm.terminal.command1"
"ソース","ソース・クイック・メニューを表示","Alt+Shift+S","ウィンドウ","org.eclipse.jdt.ui.edit.text.java.source.quickMenu"
"AnyEdit ツール","スペースをタブに変換","Ctrl+Alt+Tab","テキストの編集","AnyEdit.CnvrtSpacesToTabs.command"
"実行/デバッグ","JUnit テストの実行","Alt+Shift+X, T","ウィンドウ","org.eclipse.jdt.junit.junitShortcut.run"
"EGradle","対応する括弧に移動","Ctrl+Shift+P","Gradle context","egradle.editor.commands.gotomatchingbracket"
"ナビゲート","タスクを開く","Ctrl+F12","ウィンドウ","org.eclipse.mylyn.tasks.ui.command.openTask"
"カテゴリーなし","Copy Commit Id","Ctrl+C","Git 参照ログ・ビュー内","org.eclipse.egit.ui.internal.reflog.CopyCommand"
"ナビゲート","すべて展開","Ctrl+Shift+Numpad_Multiply","ウィンドウ","org.eclipse.ui.navigate.expandAll"
"ウィンドウ","ビュー・メニューの表示","Ctrl+F10","ダイアログまたはウィンドウ","org.eclipse.ui.window.showViewMenu"
"ウィンドウ","前のエディター","Ctrl+Shift+F6","ウィンドウ","org.eclipse.ui.window.previousEditor"
"ナビゲート","表示...","Alt+Shift+W","ウィンドウ","org.eclipse.ui.navigate.showInQuickMenu"
"サーバー","公開","Ctrl+Alt+P","サーバー・ビュー","org.eclipse.wst.server.publish"
"AnyEdit ツール","先頭文字のみ大文字","Ctrl+Alt+C","テキストの編集","AnyEdit.capitalize.command"
"編集","切り取り","Shift+Delete","ダイアログまたはウィンドウ","org.eclipse.ui.edit.cut"
"ウィンドウ","前のパースペクティブ","Ctrl+Shift+F8","ウィンドウ","org.eclipse.ui.window.previousPerspective"
"ナビゲート","階層で型を開く","Ctrl+Shift+H","ウィンドウ","org.eclipse.jdt.ui.navigate.open.type.in.hierarchy"
"ウィンドウ","停止","Ctrl+Alt+Shift+B, S","ウィンドウ","org.springframework.ide.eclipse.boot.dash.boot.dash.StopAction"
"テキスト編集","前の単語を選択","Ctrl+Shift+Left","テキストの編集","org.eclipse.ui.edit.text.select.wordPrevious"
"SQL の結果ビュー","結果の除去","Ctrl+Delete","ウィンドウ","org.eclipse.datatools.sqltools.result.removeInstance"
"テキスト編集","ズームイン","Ctrl+Numpad_Add","テキストの編集","org.eclipse.ui.edit.text.zoomIn"
"実行/デバッグ","次のメモリー・モニター","Ctrl+Alt+N","メモリー・ビュー内","org.eclipse.debug.ui.commands.nextMemoryBlock"
"SQL の結果ビュー","表示されている結果をすべて除去","Shift+Delete","ウィンドウ","org.eclipse.datatools.sqltools.result.removeAllInstances"
"テキスト編集","テキストの先頭","Ctrl+Home","Embedded Xtext Editor context","org.eclipse.ui.edit.text.goto.textStart"
"ナビゲート","呼び出し階層を開く","Ctrl+Alt+H","JavaScript ビュー","org.eclipse.wst.jsdt.ui.edit.text.java.open.call.hierarchy"
"ソース","フォーマット","Ctrl+Shift+F","JavaScript ソースの編集中","org.eclipse.wst.jsdt.ui.edit.text.java.format"
"JavaScript デバッグ","ソースを開く","Ctrl+Shift+3","デバッグ","org.eclipse.wst.jsdt.debug.ui.script.opensource"
"ASA 9.x table schema editor","コピー","Alt+C","ウィンドウ","org.eclipse.datatools.enablement.sybase.asa.schemaobjecteditor.examples.tableschemaeditor.copycolumn"
"テキスト編集","行の先頭まで選択","Shift+Home","テキストの編集","org.eclipse.ui.edit.text.select.lineStart"
"実行/デバッグ","実行","Ctrl+U","ウィンドウ","org.eclipse.jdt.debug.ui.commands.Execute"
"AnyEdit ツール","HTML エンティティーを文字に変換","Ctrl+Alt+W","テキストの編集","AnyEdit.unescape.command"
"ナビゲート","構造を開く","Ctrl+F3","Java ソースの編集","org.eclipse.jdt.ui.navigate.java.open.structure"
"タスク・リポジトリー","タスクを未読としてマーク","Alt+Shift+U","タスク・エディター","org.eclipse.mylyn.tasks.ui.command.markTaskUnread"
"SQL の結果ビュー","結果の終了","Ctrl+Break","ウィンドウ","org.eclipse.datatools.sqltools.result.terminate"
"実行/デバッグ","終了","Ctrl+F2","デバッグ","org.eclipse.debug.ui.commands.Terminate"
"ウィンドウ","エディターの切り替え","Ctrl+Shift+E","ウィンドウ","org.eclipse.ui.window.switchToEditor"
"テキスト編集","行を複写","Ctrl+Alt+Up","Embedded Xtext Editor context","org.eclipse.ui.edit.text.copyLineUp"
"編集","元に戻す","Ctrl+Z","ダイアログまたはウィンドウ","org.eclipse.ui.edit.undo"
"ウィンドウ","Open Model Element","Ctrl+Shift+F3","ウィンドウ","org.eclipse.xtext.ui.shared.OpenXtextElementCommand"
"実行/デバッグ","JUnit プラグイン・テストのデバッグ","Alt+Shift+D, P","Editing Xtend Source","org.eclipse.xtend.ide.launching.junitPdeShortcut.debug"
"ソース","出現箇所の注釈の除去","Alt+Shift+U","JavaScript ソースの編集中","org.eclipse.wst.jsdt.ui.edit.text.remove.occurrence.annotations"
"タスク・リポジトリー","タスクを既読としてマーク","Alt+Shift+R","タスク・エディター","org.eclipse.mylyn.tasks.ui.command.markTaskRead"
"フォーカス UI","目印にする","Ctrl+Alt+Shift+Up","ウィンドウ","org.eclipse.mylyn.context.ui.commands.interest.increment"
"ソース","Javadoc コメントの追加","Alt+Shift+J","ウィンドウ","org.eclipse.jdt.ui.edit.text.java.add.javadoc.comment"
"ソース","クラス・ファイルの注釈","Ctrl+1","添付 Java ソースの参照","org.eclipse.jdt.ui.edit.text.java.annotate.classFile"
"ナビゲート","クイック階層","Ctrl+T","Java ソースの編集","org.eclipse.jdt.ui.edit.text.java.open.hierarchy"
"編集","フォーマット","Ctrl+Shift+F","構造化テキスト・エディターで編集","org.eclipse.wst.sse.ui.format.document"
"ソース","クイック・アシスト - ローカル変数への代入","Ctrl+2, L","Java ソースの編集","org.eclipse.jdt.ui.correction.assignToLocal.assist"
"ソース","インポートの追加","Ctrl+Shift+M","Java ソースの編集","org.eclipse.jdt.ui.edit.text.java.add.import"
"ソース","インポートの追加","Ctrl+Shift+M","JavaScript ソースの編集中","org.eclipse.wst.jsdt.ui.edit.text.java.add.import"
"ナビゲート","プラグイン・アーティファクトを開く","Ctrl+Shift+A","ウィンドウ","org.eclipse.pde.ui.openPluginArtifact"
"Inline Search","Open Replace Bar","Ctrl+Down","Inline Search is Active","com.genuitec.eclipse.inlinesearch.replace.toggle.open"
"テキスト編集","次の単語を選択","Ctrl+Shift+Right","Embedded Xtext Editor context","org.eclipse.ui.edit.text.select.wordNext"
"テキスト編集","小文字に変更","Ctrl+Shift+Y","Embedded Xtext Editor context","org.eclipse.ui.edit.text.lowerCase"
"ナビゲート","Maven POM を開く","Alt+Shift+P","ウィンドウ","org.eclipse.m2e.core.ui.command.openPom"
"テキスト編集","すべて展開","Ctrl+Numpad_Multiply","テキストの編集","org.eclipse.ui.edit.text.folding.expand_all"
"編集","前回の選択を復元","Alt+Shift+Down","Editing Xtext Source","org.eclipse.xtext.ui.editor.select.last"
"ナビゲート","マニフェストを開く","Ctrl+Alt+Shift+M","ウィンドウ","org.eclipse.pde.ui.openManifest"
"ソース","宣言を開く","F3","Ant ビルド・ファイルの編集","org.eclipse.ant.ui.open.declaration.command"
"ターミナル・ビュー・コマンド","ターミナル・ビュー挿入","Alt+C","ターミナル入力接続","org.eclipse.tm.terminal.command1"
"ビュー","ズームイン","Ctrl+=","ウィンドウ","org.eclipse.gef.zoom_in"
"編集","クイック Diff 切り替え","Ctrl+Shift+Q","テキストの編集","org.eclipse.quickdiff.toggle"
"テキスト編集","大文字に変更","Ctrl+Shift+X","テキストの編集","org.eclipse.ui.edit.text.upperCase"
"リファクタリング - JavaScript","名前変更 - リファクタリング ","Alt+Shift+R","JavaScript ビュー","org.eclipse.wst.jsdt.ui.edit.text.java.rename.element"
"サーバー","実行","Ctrl+Alt+R","サーバー・ビュー","org.eclipse.wst.server.run"
"ナビゲート","宣言を開く","F3","ウィンドウ","org.eclipse.jdt.ui.edit.text.java.open.editor"
"Inline Search","Close Replace Bar","Ctrl+Up","Inline Search is Active","com.genuitec.eclipse.inlinesearch.replace.toggle.close"
"タスク・リポジトリー","ツールチップ説明の表示","F4","タスク・ビュー","org.eclipse.mylyn.tasks.ui.command.showToolTip"
"ファイル","名前変更","F2","ウィンドウ","org.eclipse.ui.edit.rename"
"ナビゲート","参照の検索","Ctrl+Shift+G","Editing Xtext Source","org.eclipse.xtext.ui.editor.FindReferences"
"テキスト編集","すべて縮小表示","Ctrl+Shift+Numpad_Divide","テキストの編集","org.eclipse.ui.edit.text.folding.collapse_all"
"ソース","出現箇所の注釈の除去","Alt+Shift+U","Java ソースの編集","org.eclipse.jdt.ui.edit.text.remove.occurrence.annotations"
"実行/デバッグ","サーバーでデバッグ","Alt+Shift+D, R","ウィンドウ","org.eclipse.wst.server.launchShortcut.debug"
"ビュー","ビューの表示 (エラー・ログ)","Alt+Shift+Q, L","ウィンドウ","org.eclipse.ui.views.showView"
"ナビゲート","すべて縮小表示","Ctrl+Shift+Numpad_Divide","ウィンドウ","org.eclipse.ui.navigate.collapseAll"
"テキスト編集","大文字に変更","Ctrl+Shift+X","Embedded Xtext Editor context","org.eclipse.ui.edit.text.upperCase"
"実行/デバッグ","すべてのブレークポイントをスキップ","Ctrl+Alt+B","ウィンドウ","org.eclipse.debug.ui.commands.SkipAllBreakpoints"
"テキスト編集","構造のリセット","Ctrl+Shift+Numpad_Multiply","テキストの編集","org.eclipse.ui.edit.text.folding.restore"
"テキスト編集","次の単語","Ctrl+Right","Embedded Xtext Editor context","org.eclipse.ui.edit.text.goto.wordNext"
"ターミナル・ビュー・コマンド","ターミナル・ビュー挿入","Alt+F","ターミナル入力接続","org.eclipse.tm.terminal.command1"
"ソース","クイック・アシスト - メソッドの抽出","Ctrl+2, M","Java ソースの編集","org.eclipse.jdt.ui.correction.extractMethodInplace.assist"
"リファクタリング - JavaScript","リファクタリング・クイック・メニューの表示","Alt+Shift+T","JavaScript ビュー","org.eclipse.wst.jsdt.ui.edit.text.java.refactor.quickMenu"
"カテゴリーなし","Insert left guillemet","<","Editing Xtend Source","org.eclipse.xtend.ide.insertLeftGuillemet"
"テキスト編集","行の末尾まで削除","Ctrl+Shift+Delete","Embedded Xtext Editor context","org.eclipse.ui.edit.text.delete.line.to.end"
"実行/デバッグ","アドレスにジャンプ","Ctrl+G","テーブル・メモリー・レンダリング内","org.eclipse.debug.ui.command.gotoaddress"
"実行/デバッグ","ステップ・イン","F5","デバッグ","org.eclipse.debug.ui.commands.StepInto"
"ナビゲート","パンくずリストで表示","Alt+Shift+B","Java ソースの編集","org.eclipse.jdt.ui.edit.text.java.gotoBreadcrumb"
"タスク・エディター","タスクのサブミット","Alt+Shift+S","タスク・エディター","org.eclipse.mylyn.tasks.ui.command.submitTask"
"実行/デバッグ","JUnit テストをカバレッジ","Alt+Shift+E, T","ウィンドウ","org.eclipse.eclemma.ui.junitShortcut.coverage"
"ナビゲート","前ページ","Ctrl+Shift+F5","Web ページ・エディターの使用","org.eclipse.ui.part.previousPage"
"編集","コメントの切り替え","Ctrl+/","SQL の編集","org.eclipse.datatools.sqltools.sqleditor.toggleCommentAction"
"ソース","コメントの切り替え","Ctrl+7","JavaScript ソースの編集中","org.eclipse.wst.jsdt.ui.edit.text.java.toggle.comment"
"テキスト編集","上書きの切り替え","Insert","テキストの編集","org.eclipse.ui.edit.text.toggleOverwrite"
"実行/デバッグ","サーバーで実行","Alt+Shift+X, R","ウィンドウ","org.eclipse.wst.server.launchShortcut.run"
"実行/デバッグ","XSLT 変換の実行","Alt+Shift+X, X","ウィンドウ","org.eclipse.wst.xsl.debug.ui.launchshortcut.run"
"ソース","出現箇所のマークのトグル","Alt+Shift+O","Java ソースの編集","org.eclipse.jdt.ui.edit.text.java.toggleMarkOccurrences"
"ナビゲート","階層で型を開く","F4","Editing Xtext Source","org.eclipse.xtext.xbase.ui.hierarchy.OpenTypeHierarchy"
"ASA 9.x table schema editor","切り取り","Alt+X","ウィンドウ","org.eclipse.datatools.enablement.sybase.asa.schemaobjecteditor.examples.tableschemaeditor.cutcolumn"
"実行/デバッグ","Ant ビルドのデバッグ","Alt+Shift+D, Q","ウィンドウ","org.eclipse.ant.ui.antShortcut.debug"
"ナビゲート","一致する文字","Ctrl+Shift+P","構造化テキスト・エディターで編集","org.eclipse.wst.sse.ui.goto.matching.bracket"
"リファクタリング - Java","リファクタリング・クイック・メニューの表示","Alt+Shift+T","ウィンドウ","org.eclipse.jdt.ui.edit.text.java.refactor.quickMenu"
"ソース","コメントの切り替え","Ctrl+7","プロパティー・ファイルの編集中","org.eclipse.jdt.ui.edit.text.java.toggle.comment"
"ビュー","ビューの表示 (ヒストリー)","Alt+Shift+Q, Z","ウィンドウ","org.eclipse.ui.views.showView"
"編集","前回の選択を復元","Alt+Shift+Down","Java ソースの編集","org.eclipse.jdt.ui.edit.text.java.select.last"
"リファクタリング - Java","名前変更 - リファクタリング ","Alt+Shift+R","ウィンドウ","org.eclipse.jdt.ui.edit.text.java.rename.element"
"ナビゲート","タスクのリポジトリー検索","Ctrl+Shift+F12","ウィンドウ","org.eclipse.mylyn.tasks.ui.command.searchForTask"
"ナビゲート","前のメンバーへジャンプ","Ctrl+Shift+Up","JavaScript ソースの編集中","org.eclipse.wst.jsdt.ui.edit.text.java.goto.previous.member"
"実行/デバッグ","RWT アプリケーションのデバッグ","Alt+Shift+D, 3","ウィンドウ","org.eclipse.rap.tools.launch.rwt.rwtLaunchShortcut.debug"
"ナビゲート","次ページ","Alt+F7","ウィンドウ","org.eclipse.ui.part.nextPage"
"リファクタリング - JavaScript","関数シグネチャーの変更","Alt+Shift+C","JavaScript ビュー","org.eclipse.wst.jsdt.ui.edit.text.java.modify.method.parameters"
"ナビゲート","型階層を開く","F4","JavaScript ビュー","org.eclipse.wst.jsdt.ui.edit.text.java.open.type.hierarchy"
"言語サーバー","フォーマット","Ctrl+Shift+F","テキストの編集","org.eclipse.lsp4e.format"
"ターミナル・ビュー・コマンド","ターミナル・ビュー挿入","Alt+W","ターミナル入力接続","org.eclipse.tm.terminal.command1"
"タスク・リポジトリー","タスクを未読としてマーク","Alt+Shift+U","タスク・ビュー","org.eclipse.mylyn.tasks.ui.command.markTaskUnread"
"テキスト編集","Paste Java Code","Ctrl+Shift+V","Editing Xtend Source","org.eclipse.xtend.ide.pasteJavaCode"
"SVN","リビジョンへ更新","Ctrl+Alt+D","ウィンドウ","org.eclipse.team.svn.ui.command.UpdateToRevisionCommand"
"ナビゲート","タスクの非アクティブ化","Ctrl+Shift+F9","ウィンドウ","org.eclipse.mylyn.tasks.ui.command.deactivateAllTasks"
"ビュー","ビューの表示 (ブレークポイント)","Alt+Shift+Q, B","ウィンドウ","org.eclipse.ui.views.showView"
"テキスト編集","行の末尾","End","テキストの編集","org.eclipse.ui.edit.text.goto.lineEnd"
"テキスト編集","行のスクロールアップ","Ctrl+Up","テキストの編集","org.eclipse.ui.edit.text.scroll.lineUp"
"Enhanced Class Decompiler","逆コンパイル","Ctrl+Alt+,","ウィンドウ","org.sf.feeling.decompiler.decompile"
"テキスト編集","行のスクロールアップ","Ctrl+Up","Embedded Xtext Editor context","org.eclipse.ui.edit.text.scroll.lineUp"
"サーバー","停止","Ctrl+Alt+S","サーバー・ビュー","org.eclipse.wst.server.stop"
"編集","ワード・ラップの切り替え","Alt+Shift+Y","テキストの編集","org.eclipse.ui.edit.text.toggleWordWrap"
"検索","Spring Bean 参照検索","Ctrl+Shift+G","構造化テキスト・エディターで編集","org.springframework.ide.eclipse.beans.ui.editor.commands.searchBeanReferences"
"カテゴリーなし","Insert left guillemet","Ctrl+<","Editing Xtend Source","org.eclipse.xtend.ide.insertLeftGuillemet"
"実行/デバッグ","Java アプリケーションの実行","Alt+Shift+X, J","ウィンドウ","org.eclipse.jdt.debug.ui.localJavaShortcut.run"
"テキスト編集","ズームアウト","Ctrl+Numpad_Subtract","テキストの編集","org.eclipse.ui.edit.text.zoomOut"
"ウィンドウ","ルーラー・コンテキスト・メニューの表示","Ctrl+F10","Embedded Xtext Editor context","org.eclipse.ui.edit.text.showRulerContextMenu"
"ナビゲート","対応する角括弧にジャンプ","Ctrl+Shift+P","JavaScript ソースの編集中","org.eclipse.wst.jsdt.ui.edit.text.java.goto.matching.bracket"
"ナビゲート","リソースを開く","Ctrl+Shift+R","ウィンドウ","org.eclipse.ui.navigate.openResource"
"テキスト編集","行の結合","Ctrl+Alt+J","Embedded Xtext Editor context","org.eclipse.ui.edit.text.join.lines"
"編集","移動","Alt+Shift+V","JSP ソースの編集","org.eclipse.jst.jsp.ui.refactor.move"
"ウィンドウ","構成を開く","Ctrl+Alt+Shift+B, F","ウィンドウ","org.springframework.ide.eclipse.boot.dash.boot.dash.OpenLaunchConfigAction"
"ナビゲート","ヒストリーを戻る","Alt+Left","ウィンドウ","org.eclipse.ui.navigate.backwardHistory"
"フォーカス UI","アクティブ・タスクにフォーカス","Alt+Shift+H","ウィンドウ","org.eclipse.mylyn.context.ui.commands.toggle.focus.active.view"
"ビュー","ドキュメンテーション","Alt+Shift+Q, J","JavaScript ビュー","org.eclipse.wst.jsdt.ui.JavadocView"
"ナビゲート","対応する角括弧にジャンプ","Ctrl+Shift+P","Java ソースの編集","org.eclipse.jdt.ui.edit.text.java.goto.matching.bracket"
"テキスト編集","折りたたみの切り替え","Ctrl+Numpad_Divide","テキストの編集","org.eclipse.ui.edit.text.folding.toggle"
"実行/デバッグ","ステップ・リターン","F7","デバッグ","org.eclipse.debug.ui.commands.StepReturn"
"実行/デバッグ","Java ブレークポイント・プロパティー","Alt+Enter","ブレークポイント・ビュー内","org.eclipse.jdt.debug.ui.breakpoint.properties"
"実行/デバッグ","RAP JUnit テストをカバレッジ","Alt+Shift+E, R","ウィンドウ","org.eclipse.eclemma.ui.junitRAPShortcut.coverage"
"Inline Search","Replace and Find Next","Alt+Shift+1","Inline Search is Active","com.genuitec.eclipse.inlinesearch.replaceone"
"テキスト編集","行の結合","Ctrl+Alt+J","テキストの編集","org.eclipse.ui.edit.text.join.lines"
"タスク・リポジトリー","タスクを未完了としてマーク","Alt+Shift+I","タスク・ビュー","org.eclipse.mylyn.tasks.ui.command.markTaskIncomplete"
"ファイル","新規","Ctrl+N","ウィンドウ","org.eclipse.ui.newWizard"
"ウィンドウ","次のビュー","Ctrl+F7","ウィンドウ","org.eclipse.ui.window.nextView"
"使用不可のカテゴリー","未定義コマンド","Ctrl+Alt+R","Auto::org.python.pydev.ui.editor.scope","org.python.pydev.debug.setnext"
"テキスト編集","前の単語を選択","Ctrl+Shift+Left","Embedded Xtext Editor context","org.eclipse.ui.edit.text.select.wordPrevious"
"ターミナル・ビュー・コマンド","ターミナル・ビュー挿入","Alt+R","ターミナル入力接続","org.eclipse.tm.terminal.command1"
"ビュー","JavaScript 宣言","Alt+Shift+Q, D","JavaScript ビュー","org.eclipse.wst.jsdt.ui.SourceView"
"ターミナル・ビュー・コマンド","コピー","Ctrl+Shift+C","フォーカスのターミナル制御","org.eclipse.tm.terminal.copy"
"ナビゲート","前へ","Ctrl+,","ウィンドウ","org.eclipse.ui.navigate.previous"
"YEdit","コメントの切り替え","Ctrl+Shift+C","YEdit エディター・コンテキスト","org.dadacoalition.yedit.commands.toggleComment"
"テキスト編集","行をコピー","Ctrl+Alt+Down","テキストの編集","org.eclipse.ui.edit.text.copyLineDown"
"ターミナル・ビュー・コマンド","ターミナル・ビュー挿入","Alt+V","ターミナル入力接続","org.eclipse.tm.terminal.command1"
"実行/デバッグ","インスペクション","Ctrl+Shift+I","ダイアログまたはウィンドウ","org.eclipse.jdt.debug.ui.commands.Inspect"
"テキスト編集","次の単語を削除","Ctrl+Delete","Embedded Xtext Editor context","org.eclipse.ui.edit.text.deleteNextWord"
"ソース","コメントの切り替え","Ctrl+/","プロパティー・ファイルの編集中","org.eclipse.jdt.ui.edit.text.java.toggle.comment"
"ナビゲート","前のタブ","Ctrl+PageUp","ダイアログまたはウィンドウ","org.eclipse.ui.navigate.previousTab"
"ファイル","すべて閉じる","Ctrl+Shift+F4","ウィンドウ","org.eclipse.ui.file.closeAll"
"編集","前を検索","Ctrl+Shift+K","Embedded Xtext Editor context","org.eclipse.ui.edit.findPrevious"
"ナビゲート","呼び出し階層を開く","Ctrl+Alt+H","ウィンドウ","org.eclipse.jdt.ui.edit.text.java.open.call.hierarchy"
"テキスト編集","行削除","Ctrl+D","テキストの編集","org.eclipse.ui.edit.text.delete.line"
"Quick JUnit","テスティングペアを開く","Ctrl+9","テキストの編集","junit.extensions.eclipse.quick.command.OpenTestingPairAction"
"テキスト編集","現在行の下に行を挿入","Shift+Enter","Embedded Xtext Editor context","org.eclipse.ui.edit.text.smartEnter"
"Quick JUnit","JUnit Plug-in デバッグ","Ctrl+Shift+-","テキストの編集","junit.extensions.eclipse.quick.pde.command.PDEJUnitDebugAction"
"実行/デバッグ","インスペクション","Ctrl+Shift+I","Chromium デバッグ","org.eclipse.wst.jsdt.chromium.debug.ui.commands.Inspect"
"ファイル","プロパティー","Alt+Enter","ウィンドウ","org.eclipse.ui.file.properties"
"実行/デバッグ","新規レンダリング","Ctrl+N","メモリー・ビュー内","org.eclipse.debug.ui.commands.newRendering"
"ターミナル・ビュー・コマンド","ターミナル・ビュー挿入","Alt+N","ターミナル入力接続","org.eclipse.tm.terminal.command1"
"編集","次の兄弟","Ctrl+Shift+Down","構造化テキスト・エディターで編集","org.eclipse.wst.xml.ui.nextSibling"
"ウィンドウ","(再) 起動","Ctrl+Alt+Shift+B, R","ウィンドウ","org.springframework.ide.eclipse.boot.dash.boot.dash.RestartAction"
"ナビゲート","パンくずリストで表示","Alt+Shift+B","エディター・パンくずリスト・ナビゲーション","org.eclipse.jdt.ui.edit.text.java.gotoBreadcrumb"
"ソース","インポートの編成","Ctrl+Shift+O","JavaScript ビュー","org.eclipse.wst.jsdt.ui.edit.text.java.organize.imports"
"カテゴリーなし","SWTBot コードのインポート","Ctrl+Alt+Y","ウィンドウ","org.eclipse.swtbot.generator.client.commands.import.code"
"ナビゲート","呼び出し階層を開く","Ctrl+Alt+H","Editing Xtext Source","org.eclipse.xtext.xbase.ui.hierarchy.OpenCallHierarchy"
"Quick JUnit","JUnit デバッグ","Ctrl+Shift+0","テキストの編集","junit.extensions.eclipse.quick.command.JUnitDebugAction"
"ナビゲート","添付された Javadoc を開く","Shift+F2","ウィンドウ","org.eclipse.jdt.ui.edit.text.java.open.external.javadoc"
"ナビゲート","外部 JSDoc を開く","Shift+F2","JavaScript ビュー","org.eclipse.wst.jsdt.ui.edit.text.java.open.external.javadoc"
"ナビゲート","次のメンバーへジャンプ","Ctrl+Shift+Down","JavaScript ソースの編集中","org.eclipse.wst.jsdt.ui.edit.text.java.goto.next.member"
"Web ページ・エディター・レイアウト","水平レイアウト","Ctrl+Shift+F10","Web ページ・エディターの使用","org.eclipse.jst.pagedesigner.horizotal"
"実行/デバッグ","SWTBot テスト","Alt+Shift+X, S","ウィンドウ","org.eclipse.swtbot.eclipse.ui.junitShortcut.run"
"実行/デバッグ","ステップ・オーバー","F6","デバッグ","org.eclipse.debug.ui.commands.StepOver"
"テキスト編集","前の単語","Ctrl+Left","テキストの編集","org.eclipse.ui.edit.text.goto.wordPrevious"
"ナビゲート","クイック階層","Ctrl+T","Editing Xtext Source","org.eclipse.jdt.ui.edit.text.java.open.hierarchy"
"テキスト編集","ズームアウト","Ctrl+-","テキストの編集","org.eclipse.ui.edit.text.zoomOut"
"実行/デバッグ","表示","Ctrl+Shift+D","ダイアログまたはウィンドウ","org.eclipse.jdt.debug.ui.commands.Display"
"検索","ワークスペース内でテキストを検索","Ctrl+Alt+G","ウィンドウ","org.eclipse.search.ui.performTextSearchWorkspace"
"ソース","コメントの切り替え","Ctrl+Shift+C","Java ソースの編集","org.eclipse.jdt.ui.edit.text.java.toggle.comment"
"ナビゲート","Spring Bean を開く","Alt+Shift+B","ウィンドウ","org.springframework.ide.eclipse.beans.ui.commands.openBean"
"ソース","ブロック・コメントの追加","Ctrl+Shift+/","JavaScript ソースの編集中","org.eclipse.wst.jsdt.ui.edit.text.java.add.block.comment"
"ファイル","保存","Ctrl+S","ウィンドウ","org.eclipse.ui.file.save"
"AnyEdit ツール","カーソル上のファイルを開く","Ctrl+Alt+R","テキストの編集","AnyEdit.openFileFromTextEditor.command"
"ソース","クイック・アシスト - ファイル内の名前変更","Ctrl+2, R","Java ソースの編集","org.eclipse.jdt.ui.correction.renameInFile.assist"
"ターミナル・ビュー・コマンド","ターミナル・ビュー挿入","Alt+G","ターミナル入力接続","org.eclipse.tm.terminal.command1"
"AnyEdit ツール","カーソル上の型を開く","Ctrl+Alt+T","テキストの編集","AnyEdit.openTypeFromTextEditor.command"
"編集","次の要素を選択","Alt+Shift+Right","JavaScript ソースの編集中","org.eclipse.wst.jsdt.ui.edit.text.java.select.next"
"ナビゲート","クイック相互参照(&Q)","Alt+Shift+P","Java ソースの編集","org.eclipse.contribution.xref.show.xref"
"ソース","コメントの切り替え","Ctrl+Shift+C","プロパティー・ファイルの編集中","org.eclipse.jdt.ui.edit.text.java.toggle.comment"
"実行/デバッグ","Spring Boot アプリのデバッグ","Alt+Shift+D, B","ウィンドウ","org.springsource.ide.eclipse.boot.BootLaunchShortcut.debug"
"ナビゲート","前の未読タスクへジャンプ","Alt+Up","タスク・ビュー","org.eclipse.mylyn.tasks.ui.command.goToPreviousUnread"
"ナビゲート","次へ","Ctrl+.","ウィンドウ","org.eclipse.ui.navigate.next"
"検索","ワークスペース内の参照","Ctrl+Shift+G","JavaScript ビュー","org.eclipse.wst.jsdt.ui.edit.text.java.search.references.in.workspace"
"SVN","コミット...","Ctrl+Alt+C","ウィンドウ","org.eclipse.team.svn.ui.command.CommitCommand"
"ウィンドウ","システム・メニューの表示","Alt+-","ウィンドウ","org.eclipse.ui.window.showSystemMenu"
"ナビゲート","指定行へジャンプ","Ctrl+L","Embedded Xtext Editor context","org.eclipse.ui.edit.text.goto.line"
"ファイル","リフレッシュ","F5","ウィンドウ","org.eclipse.ui.file.refresh"
"ソース","ブロック・コメントの追加","Ctrl+Shift+/","Java ソースの編集","org.eclipse.jdt.ui.edit.text.java.add.block.comment"
"AnyEdit ツール","小文字に変換","Ctrl+Alt+L","テキストの編集","AnyEdit.toLowerCase.command"
"ソース","クイック・アシスト - ローカル変数への代入","Ctrl+2, L","JavaScript ソースの編集中","org.eclipse.wst.jsdt.ui.correction.assignToLocal.assist"
"ナビゲート","前のサブ・タブ","Alt+PageUp","ダイアログまたはウィンドウ","org.eclipse.ui.navigate.previousSubTab"
"ソース","フォーマット","Ctrl+Shift+F","Ant ビルド・ファイルの編集","org.eclipse.jdt.ui.edit.text.java.format"
"テキスト編集","現在行の上に行を挿入","Ctrl+Shift+Enter","テキストの編集","org.eclipse.ui.edit.text.smartEnterInverse"
"編集","コンテンツ・アシスト","Ctrl+Space","ダイアログまたはウィンドウ","org.eclipse.ui.edit.text.contentAssist.proposals"
"編集","コメントの切り替え","Ctrl+Shift+C","Editing Xtext Source","org.eclipse.xtext.ui.ToggleCommentAction"
"ソース","出現箇所のマークのトグル","Alt+Shift+O","JavaScript ソースの編集中","org.eclipse.wst.jsdt.ui.edit.text.java.toggleMarkOccurrences"
"SVN","更新","Ctrl+Alt+U","ウィンドウ","org.eclipse.team.svn.ui.command.UpdateCommand"
"ファイル","移動...","Alt+Shift+V","Project Explorer +","org.eclipse.ui.edit.move"
"リファクタリング","要素の名前変更","Alt+Shift+R","Editing Xtext Source","org.eclipse.xtext.ui.refactoring.RenameElement"
"編集","次の要素を選択","Alt+Shift+Right","Editing Xtext Source","org.eclipse.xtext.ui.editor.select.next"
"実行/デバッグ","ステップ・フィルターの使用","Shift+F5","ウィンドウ","org.eclipse.debug.ui.commands.ToggleStepFilters"
"リファクタリング","ローカル変数の抽出","Alt+Shift+L","Editing Xtext Source","org.eclipse.xtext.xbase.ui.refactoring.ExtractLocalVariable"
"ウィンドウ","次のパースペクティブ","Ctrl+F8","ウィンドウ","org.eclipse.ui.window.nextPerspective"
"ASA 9.x table schema editor","貼り付け","Alt+V","ウィンドウ","org.eclipse.datatools.enablement.sybase.asa.schemaobjecteditor.examples.tableschemaeditor.pastecolumn"
"編集","コメントの切り替え","Ctrl+/","Editing Xtext Source","org.eclipse.xtext.ui.ToggleCommentAction"
"実行/デバッグ","Java アプレットの実行","Alt+Shift+X, A","ウィンドウ","org.eclipse.jdt.debug.ui.javaAppletShortcut.run"
"編集","コメントの切り替え","Ctrl+Shift+C","構造化テキスト・エディターで編集","org.eclipse.wst.sse.ui.toggle.comment"
"ビュー","ビューの表示 (変数)","Alt+Shift+Q, V","ウィンドウ","org.eclipse.ui.views.showView"
"編集","フォーマット","Ctrl+Shift+F","Editing Xtext Source","org.eclipse.xtext.ui.FormatAction"
"AnyEdit ツール","文字を HTML エンティティーに変換","Ctrl+Alt+E","テキストの編集","AnyEdit.escape.command"
"Quick JUnit","JUnit テスト","Ctrl+0","テキストの編集","junit.extensions.eclipse.quick.command.JUnitRunAction"
"リファクタリング - JavaScript","関数の抽出","Alt+Shift+M","JavaScript ビュー","org.eclipse.wst.jsdt.ui.edit.text.java.extract.method"
"テキスト編集","行削除","Ctrl+D","Embedded Xtext Editor context","org.eclipse.ui.edit.text.delete.line"
"実行/デバッグ","Gradle テストの実行","Ctrl+Alt+X, G","ウィンドウ","org.eclipse.buildship.ui.shortcut.test.run"
"ナビゲート","型階層を開く","F4","ウィンドウ","org.eclipse.jdt.ui.edit.text.java.open.type.hierarchy"
"編集","エンクロージング要素の選択","Alt+Shift+Up","JavaScript ソースの編集中","org.eclipse.wst.jsdt.ui.edit.text.java.select.enclosing"
"ターミナル・ビュー・コマンド","貼り付け","Shift+Insert","フォーカスのターミナル制御","org.eclipse.tm.terminal.paste"
"ウィンドウ","クイック・アクセス","Ctrl+3","ウィンドウ","org.eclipse.ui.window.quickAccess"
"ビュー","ビューのリフレッシュ (Gradle タスク)","F5","Gradle タスク・ビュー","org.eclipse.buildship.ui.commands.refreshtaskview"
"ソース","「囲む」クイック・メニュー","Alt+Shift+Z","ウィンドウ","org.eclipse.jdt.ui.edit.text.java.surround.with.quickMenu"
"テキスト編集","前の単語","Ctrl+Left","Embedded Xtext Editor context","org.eclipse.ui.edit.text.goto.wordPrevious"
"編集","クイック・フィックス","Ctrl+1","ダイアログまたはウィンドウ","org.eclipse.jdt.ui.edit.text.java.correction.assist.proposals"
"ソース","クイック・アシスト - 変数への代入","Ctrl+2, F","JavaScript ソースの編集中","org.eclipse.wst.jsdt.ui.correction.assignToField.assist"
"カテゴリーなし","マークアップ虎の巻の表示","F1","WikiText マークアップ・ソース・コンテキスト","org.eclipse.mylyn.wikitext.ui.editor.showCheatSheetCommand"
"ファイル","閉じる","Ctrl+W","ウィンドウ","org.eclipse.ui.file.close"
"ターミナル・ビュー・コマンド","ターミナル・ビュー挿入","Alt+S","ターミナル入力接続","org.eclipse.tm.terminal.command1"
"実行/デバッグ","JUnit プラグイン・テストの実行","Alt+Shift+X, P","ウィンドウ","org.eclipse.pde.ui.junitWorkbenchShortcut.run"
"ターミナル・ビュー・コマンド","ターミナル・ビュー挿入","Alt+D","ターミナル入力接続","org.eclipse.tm.terminal.command1"
"実行/デバッグ","JUnit プラグイン・テストの実行","Alt+Shift+X, P","Editing Xtend Source","org.eclipse.xtend.ide.launching.junitPdeShortcut.run"
"編集","対応する角括弧にジャンプ","Ctrl+Shift+P","Editing Xtext Source","org.eclipse.xtext.ui.GotToMatchingBracketAction"
"ソース","インポートの編成","Ctrl+Shift+O","ウィンドウ","org.eclipse.jdt.ui.edit.text.java.organize.imports"
"ファイル","名前変更","Alt+Shift+R","Project Explorer +","org.eclipse.ui.edit.rename"
"ビュー","ビューの表示","Alt+Shift+Q, D","ウィンドウ","org.eclipse.ui.views.showView"
"編集","前の要素を選択","Alt+Shift+Left","Java ソースの編集","org.eclipse.jdt.ui.edit.text.java.select.previous"
"ウィンドウ","エディターをアクティブにする","F12","ウィンドウ","org.eclipse.ui.window.activateEditor"
"AnyEdit ツール","タブをスペースに変換","Ctrl+Alt+Space","ウィンドウ","AnyEdit.CnvrtTabToSpaces.command"
"Inline Search","すべて置換","Alt+Shift+Enter","Inline Search is Active","com.genuitec.eclipse.inlinesearch.replaceall"
"SVN","リビジョン・グラフの表示...","Ctrl+Alt+Y","ウィンドウ","org.eclipse.team.svn.revision.graph.command.ShowRevisionGraphCommand"
"実行/デバッグ","OSGi フレームワークのデバッグ","Alt+Shift+X, O","ウィンドウ","org.eclipse.pde.ui.EquinoxLaunchShortcut.run"
"ウィンドウ","エディターの即時切り替え","Ctrl+Tab","ウィンドウ","org.eclipse.ui.window.openEditorDropDown"
"テキスト編集","ハイパーリンクを開く","F3","汎用コード・エディター内","org.eclipse.ui.edit.text.open.hyperlink"
"ウィンドウ","次のエディター","Ctrl+E","ウィンドウ","org.eclipse.ui.window.nextEditor"
"実行/デバッグ","Spring Boot アプリの実行","Alt+Shift+X, B","ウィンドウ","org.springsource.ide.eclipse.boot.BootLaunchShortcut.run"
"カテゴリーなし","クイック・アウトライン","Ctrl+O","Editing Xtext Source","org.eclipse.xtext.ui.editor.outline.QuickOutline"
"ファイル","閉じる","Ctrl+F4","ウィンドウ","org.eclipse.ui.file.close"
"実行/デバッグ","選択項目にステップ・イン","Ctrl+F5","デバッグ","org.eclipse.jdt.debug.ui.commands.StepIntoSelection"
"ターミナル・ビュー・コマンド","ターミナル・ビュー挿入","Alt+B","ターミナル入力接続","org.eclipse.tm.terminal.command1"
"AnyEdit ツール","キャメル <-> アンダースコアーの変換","Ctrl+Alt+K","テキストの編集","AnyEdit.camel.command"
"ウィンドウ","エディター分割の切り替え (水平方向)","Ctrl+Shift+-","ウィンドウ","org.eclipse.ui.window.splitEditor"
"実行/デバッグ","XSLT 変換のデバッグ","Alt+Shift+D, X","ウィンドウ","org.eclipse.wst.xsl.debug.ui.launchshortcut.debug"
"ビュー","JavaScript 型階層","Alt+Shift+Q, T","JavaScript ビュー","org.eclipse.wst.jsdt.ui.TypeHierarchy"
"ナビゲート","前ページ","Ctrl+Shift+F5","Faces 構成エディター","org.eclipse.ui.part.previousPage"
"ナビゲート","階層で型を開く","Ctrl+Shift+H","JavaScript ビュー","org.eclipse.wst.jsdt.ui.navigate.open.type.in.hierarchy"
"実行/デバッグ","SWTBot テストをカバレッジ","Alt+Shift+E, S","ウィンドウ","org.eclipse.eclemma.ui.swtBotJunitShortcut.coverage"
